-- Development-only fixtures. No real personal data or production credentials.
-- Local login: owner@saasphase1.invalid / LocalDevOwner-2026!

insert into auth.users (
  id,
  instance_id,
  aud,
  role,
  email,
  encrypted_password,
  email_confirmed_at,
  confirmation_token,
  recovery_token,
  email_change_token_new,
  email_change,
  phone_change,
  phone_change_token,
  email_change_token_current,
  reauthentication_token,
  raw_app_meta_data,
  raw_user_meta_data,
  created_at,
  updated_at
)
values (
  '10000000-0000-4000-8000-000000000001',
  '00000000-0000-0000-0000-000000000000',
  'authenticated',
  'authenticated',
  'owner@saasphase1.invalid',
  extensions.crypt('LocalDevOwner-2026!', extensions.gen_salt('bf')),
  now(),
  '',
  '',
  '',
  '',
  '',
  '',
  '',
  '',
  '{"provider":"email","providers":["email"]}'::jsonb,
  '{"display_name":"Owner développement"}'::jsonb,
  now(),
  now()
);

-- Supabase Auth password login requires a matching email identity.
insert into auth.identities (
  id,
  provider_id,
  user_id,
  identity_data,
  provider,
  created_at,
  updated_at
)
values (
  '11000000-0000-4000-8000-000000000001',
  '10000000-0000-4000-8000-000000000001',
  '10000000-0000-4000-8000-000000000001',
  jsonb_build_object(
    'sub', '10000000-0000-4000-8000-000000000001',
    'email', 'owner@saasphase1.invalid',
    'email_verified', true,
    'phone_verified', false
  ),
  'email',
  now(),
  now()
);

insert into public.organizations (
  id,
  name,
  legal_name,
  legal_form,
  slug,
  email,
  phone,
  address_line1,
  postal_code,
  city,
  country,
  affix_name,
  dog_affix_name
)
values (
  '20000000-0000-4000-8000-000000000001',
  'Élevage du Val de Démo',
  'Élevage du Val de Démo',
  'other',
  'elevage-demo',
  'contact@saasphase1.invalid',
  '+33100000000',
  '1 chemin des Prairies',
  '33000',
  'Bordeaux',
  'FR',
  'du Val de Démo',
  'du Val de Démo'
);

insert into public.memberships (
  id,
  organization_id,
  profile_id,
  role,
  status,
  created_by,
  updated_by
)
values (
  '30000000-0000-4000-8000-000000000001',
  '20000000-0000-4000-8000-000000000001',
  '10000000-0000-4000-8000-000000000001',
  'owner',
  'active',
  '10000000-0000-4000-8000-000000000001',
  '10000000-0000-4000-8000-000000000001'
);

insert into public.organization_settings (
  id,
  organization_id,
  default_species,
  default_dog_breed,
  default_currency,
  default_pre_reservation_deposit_cents,
  default_arrhes_second_payment_cents,
  default_puppy_price_cents,
  created_by,
  updated_by
)
values (
  '40000000-0000-4000-8000-000000000001',
  '20000000-0000-4000-8000-000000000001',
  'dog',
  'Golden Retriever',
  'EUR',
  25000,
  25000,
  180000,
  '10000000-0000-4000-8000-000000000001',
  '10000000-0000-4000-8000-000000000001'
);

insert into public.organization_representatives (
  id,
  organization_id,
  first_name,
  last_name,
  display_name,
  representative_role,
  email,
  phone,
  is_default_signatory,
  is_active,
  created_by,
  updated_by
)
values (
  '41000000-0000-4000-8000-000000000001',
  '20000000-0000-4000-8000-000000000001',
  'Mika',
  'Démo',
  'Mika Démo',
  'Responsable élevage',
  'mika.demo@example.com',
  '+33100000001',
  true,
  true,
  '10000000-0000-4000-8000-000000000001',
  '10000000-0000-4000-8000-000000000001'
);

insert into public.organization_document_settings (
  id,
  organization_id,
  deposit_terms,
  refund_terms,
  reservation_contract_terms,
  commitment_certificate_text,
  legal_mentions,
  signature_city_default,
  created_by,
  updated_by
)
values (
  '42000000-0000-4000-8000-000000000001',
  '20000000-0000-4000-8000-000000000001',
  'Les arrhes sont suivies manuellement dans le dossier de réservation.',
  'Les remboursements éventuels sont décidés au cas par cas selon le dossier.',
  'Contrat de réservation de démonstration, sans valeur juridique réelle.',
  'Certificat d''engagement et de connaissance fictif pour prévisualisation locale.',
  'Données fictives réservées au développement local.',
  'Bordeaux',
  '10000000-0000-4000-8000-000000000001',
  '10000000-0000-4000-8000-000000000001'
);

insert into public.litter_groups (
  id,
  organization_id,
  name,
  description,
  species,
  expected_period_start,
  expected_period_end,
  status,
  created_by,
  updated_by
)
values (
  '50000000-0000-4000-8000-000000000001',
  '20000000-0000-4000-8000-000000000001',
  'Portées Golden Retriever 2026',
  'Saison de démonstration locale : portées Rosie × Rimbaud et Salomé × Mistral.',
  'dog',
  '2026-01-01',
  '2026-12-31',
  'open_for_applications',
  '10000000-0000-4000-8000-000000000001',
  '10000000-0000-4000-8000-000000000001'
);

insert into public.animals (
  id,
  organization_id,
  species,
  breed,
  sex,
  call_name,
  official_name,
  birth_date,
  status,
  ownership_status,
  is_breeder,
  is_external,
  is_retired,
  coat_color,
  identification_number,
  lof_number,
  notes,
  created_by,
  updated_by
)
values
(
  'd0000000-0000-4000-8000-000000000001',
  '20000000-0000-4000-8000-000000000001',
  'dog',
  'Golden Retriever',
  'female',
  'Rosie',
  'Rosie du Val de Démo',
  '2021-05-14',
  'breeding',
  'owned',
  true,
  false,
  false,
  'Dorée soutenue',
  '250269000000001',
  'LOF-DEMO-ROSIE',
  'Reproductrice maison douce, très stable en famille.',
  '10000000-0000-4000-8000-000000000001',
  '10000000-0000-4000-8000-000000000001'
),
(
  'd0000000-0000-4000-8000-000000000002',
  '20000000-0000-4000-8000-000000000001',
  'dog',
  'Golden Retriever',
  'female',
  'Salomé',
  'Salomé du Val de Démo',
  '2022-03-22',
  'breeding',
  'owned',
  true,
  false,
  false,
  'Crème',
  '250269000000002',
  'LOF-DEMO-SALOME',
  'Reproductrice maison vive, portée attendue au printemps.',
  '10000000-0000-4000-8000-000000000001',
  '10000000-0000-4000-8000-000000000001'
),
(
  'd0000000-0000-4000-8000-000000000006',
  '20000000-0000-4000-8000-000000000001',
  'dog',
  'Golden Retriever',
  'male',
  'Rimbaud',
  'Rimbaud des Landes Dorées',
  '2020-04-02',
  'active',
  'external_stud',
  true,
  true,
  false,
  'Doré',
  null,
  'LOF-DEMO-RIMBAUD',
  'Mâle extérieur utilisé pour la portée Rosie 2026.',
  '10000000-0000-4000-8000-000000000001',
  '10000000-0000-4000-8000-000000000001'
),
(
  'd0000000-0000-4000-8000-000000000007',
  '20000000-0000-4000-8000-000000000001',
  'dog',
  'Golden Retriever',
  'male',
  'Mistral',
  'Mistral de la Côte Argent',
  '2021-09-12',
  'active',
  'external_stud',
  true,
  true,
  false,
  'Crème',
  null,
  'LOF-DEMO-MISTRAL',
  'Mâle extérieur prévu pour la portée Salomé 2026.',
  '10000000-0000-4000-8000-000000000001',
  '10000000-0000-4000-8000-000000000001'
);

insert into public.litters (
  id,
  organization_id,
  litter_group_id,
  name,
  species,
  breed,
  mother_id,
  father_id,
  status,
  mating_date,
  expected_birth_date,
  actual_birth_date,
  pregnancy_confirmed_at,
  pregnancy_confirmation_method,
  expected_puppy_count,
  born_total_count,
  born_male_count,
  born_female_count,
  alive_count,
  notes,
  created_by,
  updated_by
)
values
(
  'c0000000-0000-4000-8000-000000000001',
  '20000000-0000-4000-8000-000000000001',
  '50000000-0000-4000-8000-000000000001',
  'Portée Rosie × Rimbaud — Printemps 2026',
  'dog',
  'Golden Retriever',
  'd0000000-0000-4000-8000-000000000001',
  'd0000000-0000-4000-8000-000000000006',
  'choice_period',
  '2026-02-15',
  '2026-04-19',
  '2026-04-18',
  '2026-03-14',
  'Échographie',
  4,
  4,
  3,
  1,
  4,
  'Portée née le 18 avril, chiots identifiés par couleur de collier.',
  '10000000-0000-4000-8000-000000000001',
  '10000000-0000-4000-8000-000000000001'
),
(
  'c0000000-0000-4000-8000-000000000002',
  '20000000-0000-4000-8000-000000000001',
  '50000000-0000-4000-8000-000000000001',
  'Portée Salomé × Mistral — Été 2026',
  'dog',
  'Golden Retriever',
  'd0000000-0000-4000-8000-000000000002',
  'd0000000-0000-4000-8000-000000000007',
  'pregnancy_confirmed',
  '2026-05-10',
  '2026-07-12',
  null,
  '2026-06-07',
  'Échographie',
  6,
  null,
  null,
  null,
  null,
  'Gestation confirmée, radio de comptage prévue avant naissance.',
  '10000000-0000-4000-8000-000000000001',
  '10000000-0000-4000-8000-000000000001'
);

insert into public.animals (
  id,
  organization_id,
  litter_id,
  species,
  breed,
  sex,
  call_name,
  birth_date,
  status,
  ownership_status,
  mother_id,
  father_id,
  birth_order,
  birth_time,
  birth_weight_grams,
  collar_color_initial,
  collar_color_current,
  collar_color_note,
  coat_color,
  notes,
  created_by,
  updated_by
)
values
(
  'd0000000-0000-4000-8000-000000000008',
  '20000000-0000-4000-8000-000000000001',
  'c0000000-0000-4000-8000-000000000001',
  'dog',
  'Golden Retriever',
  'male',
  null,
  '2026-04-18',
  'adopted',
  'adopted_out',
  'd0000000-0000-4000-8000-000000000001',
  'd0000000-0000-4000-8000-000000000006',
  1,
  '06:40:00',
  420,
  'vert',
  'vert',
  'Mâle calme, très proche de l’humain.',
  'Doré clair',
  'Chiot attribué et adopté dans le jeu de démonstration.',
  '10000000-0000-4000-8000-000000000001',
  '10000000-0000-4000-8000-000000000001'
),
(
  'd0000000-0000-4000-8000-000000000010',
  '20000000-0000-4000-8000-000000000001',
  'c0000000-0000-4000-8000-000000000001',
  'dog',
  'Golden Retriever',
  'male',
  null,
  '2026-04-18',
  'reserved',
  'produced',
  'd0000000-0000-4000-8000-000000000001',
  'd0000000-0000-4000-8000-000000000006',
  2,
  '07:35:00',
  438,
  'bleu',
  'bleu',
  'Mâle posé, bon candidat pour une famille avec enfants.',
  'Crème',
  'Chiot attribué à une réservation active.',
  '10000000-0000-4000-8000-000000000001',
  '10000000-0000-4000-8000-000000000001'
),
(
  'd0000000-0000-4000-8000-000000000011',
  '20000000-0000-4000-8000-000000000001',
  'c0000000-0000-4000-8000-000000000001',
  'dog',
  'Golden Retriever',
  'female',
  null,
  '2026-04-18',
  'available',
  'produced',
  'd0000000-0000-4000-8000-000000000001',
  'd0000000-0000-4000-8000-000000000006',
  3,
  '08:10:00',
  398,
  'violet',
  'violet',
  'Femelle douce, observation du caractère en cours.',
  'Crème clair',
  'Disponible pour famille flexible.',
  '10000000-0000-4000-8000-000000000001',
  '10000000-0000-4000-8000-000000000001'
),
(
  'd0000000-0000-4000-8000-000000000012',
  '20000000-0000-4000-8000-000000000001',
  'c0000000-0000-4000-8000-000000000001',
  'dog',
  'Golden Retriever',
  'male',
  null,
  '2026-04-18',
  'kept',
  'produced',
  'd0000000-0000-4000-8000-000000000001',
  'd0000000-0000-4000-8000-000000000006',
  4,
  '08:42:00',
  415,
  'jaune',
  'jaune',
  'Mâle conservé provisoirement pour observation élevage.',
  'Doré',
  'Chiot gardé par l’élevage pour suivi de croissance.',
  '10000000-0000-4000-8000-000000000001',
  '10000000-0000-4000-8000-000000000001'
);

insert into public.public_forms (
  id,
  organization_id,
  name,
  slug,
  form_type,
  species,
  breed,
  litter_group_id,
  is_active,
  title,
  description,
  success_message,
  created_by,
  updated_by
)
values (
  '60000000-0000-4000-8000-000000000001',
  '20000000-0000-4000-8000-000000000001',
  'Candidature Golden Retriever',
  'golden-retriever-2026',
  'adoption_application',
  'dog',
  'Golden Retriever',
  '50000000-0000-4000-8000-000000000001',
  true,
  'Candidature Golden Retriever',
  'Formulaire public générique fictif pour les demandes d’adoption.',
  'Merci, votre candidature de démonstration a bien été enregistrée.',
  '10000000-0000-4000-8000-000000000001',
  '10000000-0000-4000-8000-000000000001'
);

insert into public.contacts (
  id,
  organization_id,
  contact_type,
  first_name,
  last_name,
  display_name,
  email,
  phone,
  address_line1,
  postal_code,
  city,
  country,
  origin_channel,
  primary_status,
  internal_comment,
  last_interaction_at,
  created_by,
  updated_by
)
values
('70000000-0000-4000-8000-000000000001', '20000000-0000-4000-8000-000000000001', 'person', 'Jérôme', 'Martin', 'Jérôme Martin', 'jerome.martin@example.com', '+33100000101', '12 rue des Peupliers', '33000', 'Bordeaux', 'FR', 'website', 'active', 'Famille avec deux enfants, recherche mâle calme.', '2026-05-30 10:00:00+00', '10000000-0000-4000-8000-000000000001', '10000000-0000-4000-8000-000000000001'),
('70000000-0000-4000-8000-000000000002', '20000000-0000-4000-8000-000000000001', 'person', 'Claire', 'Dubois', 'Claire Dubois', 'claire.dubois@example.com', '+33100000102', '8 avenue des Tilleuls', '44000', 'Nantes', 'FR', 'instagram_link', 'active', 'Souhaite une femelle, disponible pour visites.', '2026-06-01 14:30:00+00', '10000000-0000-4000-8000-000000000001', '10000000-0000-4000-8000-000000000001'),
('70000000-0000-4000-8000-000000000004', '20000000-0000-4000-8000-000000000001', 'person', 'Nicolas', 'Bernard', 'Nicolas Bernard', 'nicolas.bernard@example.com', '+33100000104', '18 chemin du Moulin', '31000', 'Toulouse', 'FR', 'manual', 'active', 'Candidature en attente d’appel.', '2026-06-05 16:45:00+00', '10000000-0000-4000-8000-000000000001', '10000000-0000-4000-8000-000000000001'),
('70000000-0000-4000-8000-000000000006', '20000000-0000-4000-8000-000000000001', 'person', 'Thomas', 'Petit', 'Thomas Petit', 'thomas.petit@example.com', '+33100000106', '6 allée des Pins', '59000', 'Lille', 'FR', 'whatsapp_link', 'active', 'Pré-réservation 1/2 payée pour portée Rosie.', '2026-06-08 13:10:00+00', '10000000-0000-4000-8000-000000000001', '10000000-0000-4000-8000-000000000001'),
('70000000-0000-4000-8000-000000000008', '20000000-0000-4000-8000-000000000001', 'person', 'Julien', 'Lefèvre', 'Julien Lefèvre', 'julien.lefevre@example.com', '+33100000108', '9 place du Marché', '17000', 'La Rochelle', 'FR', 'manual', 'active', 'Animal attribué : Collier bleu.', '2026-06-10 10:25:00+00', '10000000-0000-4000-8000-000000000001', '10000000-0000-4000-8000-000000000001'),
('70000000-0000-4000-8000-000000000009', '20000000-0000-4000-8000-000000000001', 'person', 'Anne', 'Girard', 'Anne Girard', 'anne.girard@example.com', '+33100000109', '15 rue des Vignes', '24000', 'Périgueux', 'FR', 'email_link', 'active', 'Adoption finalisée pour Collier vert.', '2026-06-11 18:00:00+00', '10000000-0000-4000-8000-000000000001', '10000000-0000-4000-8000-000000000001');

insert into public.contact_roles (
  id,
  organization_id,
  contact_id,
  role,
  started_at,
  notes,
  created_by,
  updated_by
)
values
('72000000-0000-4000-8000-000000000001', '20000000-0000-4000-8000-000000000001', '70000000-0000-4000-8000-000000000001', 'candidate', '2026-05-30', 'Souhaite un mâle.', '10000000-0000-4000-8000-000000000001', '10000000-0000-4000-8000-000000000001'),
('72000000-0000-4000-8000-000000000002', '20000000-0000-4000-8000-000000000001', '70000000-0000-4000-8000-000000000002', 'candidate', '2026-06-01', 'Souhaite une femelle.', '10000000-0000-4000-8000-000000000001', '10000000-0000-4000-8000-000000000001'),
('72000000-0000-4000-8000-000000000003', '20000000-0000-4000-8000-000000000001', '70000000-0000-4000-8000-000000000004', 'candidate', '2026-06-05', 'À rappeler avant qualification.', '10000000-0000-4000-8000-000000000001', '10000000-0000-4000-8000-000000000001'),
('72000000-0000-4000-8000-000000000004', '20000000-0000-4000-8000-000000000001', '70000000-0000-4000-8000-000000000006', 'pre_reservation_holder', '2026-06-08', 'Pré-réservation en cours.', '10000000-0000-4000-8000-000000000001', '10000000-0000-4000-8000-000000000001'),
('72000000-0000-4000-8000-000000000005', '20000000-0000-4000-8000-000000000001', '70000000-0000-4000-8000-000000000008', 'reservation_holder', '2026-06-10', 'Animal attribué.', '10000000-0000-4000-8000-000000000001', '10000000-0000-4000-8000-000000000001'),
('72000000-0000-4000-8000-000000000006', '20000000-0000-4000-8000-000000000001', '70000000-0000-4000-8000-000000000009', 'adopter', '2026-06-11', 'Adoption finalisée.', '10000000-0000-4000-8000-000000000001', '10000000-0000-4000-8000-000000000001');

insert into public.applications (
  id,
  organization_id,
  contact_id,
  species,
  breed,
  desired_period,
  desired_litter_group_id,
  desired_litter_id,
  desired_sex_preference,
  desired_quantity,
  project_description,
  internal_comment,
  housing_type,
  has_garden,
  garden_fenced,
  adults_count,
  children_description,
  other_animals,
  dog_experience,
  daily_absence,
  planned_activities,
  status,
  initial_rank,
  active_rank,
  submitted_at,
  reviewed_at,
  reviewed_by,
  created_by,
  updated_by
)
values
('80000000-0000-4000-8000-000000000001', '20000000-0000-4000-8000-000000000001', '70000000-0000-4000-8000-000000000001', 'dog', 'Golden Retriever', 'Printemps 2026', '50000000-0000-4000-8000-000000000001', 'c0000000-0000-4000-8000-000000000001', 'male_only', 1, 'Famille avec deux enfants souhaitant un mâle calme pour vie de famille.', 'Préférence mâle confirmée lors du premier appel.', 'house', true, true, 2, 'Deux enfants de 8 et 11 ans.', 'Un chat habitué aux chiens.', 'A déjà eu un Golden Retriever.', 'Télétravail trois jours par semaine.', 'Balades, éducation positive et activités familiales.', 'qualified', 1, 1, '2026-05-30 09:00:00+00', '2026-05-31 10:00:00+00', '10000000-0000-4000-8000-000000000001', '10000000-0000-4000-8000-000000000001', '10000000-0000-4000-8000-000000000001'),
('80000000-0000-4000-8000-000000000002', '20000000-0000-4000-8000-000000000001', '70000000-0000-4000-8000-000000000002', 'dog', 'Golden Retriever', 'Printemps 2026', '50000000-0000-4000-8000-000000000001', 'c0000000-0000-4000-8000-000000000001', 'female_only', 1, 'Couple souhaitant une femelle sociable, projet préparé et jardin clôturé.', 'Très bonne disponibilité pour visites.', 'house', true, true, 2, 'Aucun enfant au foyer.', 'Aucun autre animal.', 'Expérience avec chien adulte.', 'Absences courtes.', 'Promenades quotidiennes et club canin local.', 'qualified', 2, 2, '2026-06-01 13:00:00+00', '2026-06-02 09:30:00+00', '10000000-0000-4000-8000-000000000001', '10000000-0000-4000-8000-000000000001', '10000000-0000-4000-8000-000000000001'),
('80000000-0000-4000-8000-000000000004', '20000000-0000-4000-8000-000000000001', '70000000-0000-4000-8000-000000000004', 'dog', 'Golden Retriever', 'Été 2026', '50000000-0000-4000-8000-000000000001', 'c0000000-0000-4000-8000-000000000002', 'male_preferred_female_possible', 1, 'Candidature qualifiée, demande de pré-réservation envoyée, en attente de règlement.', 'Demande 1/2 envoyée après qualification, attente virement.', 'house', true, true, 2, 'Un enfant de 5 ans.', 'Aucun autre animal.', 'Peu d’expérience directe.', 'À clarifier.', 'Vie de famille et promenades.', 'qualified', 2, 2, '2026-06-05 15:40:00+00', '2026-06-06 10:00:00+00', '10000000-0000-4000-8000-000000000001', '10000000-0000-4000-8000-000000000001', '10000000-0000-4000-8000-000000000001'),
('80000000-0000-4000-8000-000000000006', '20000000-0000-4000-8000-000000000001', '70000000-0000-4000-8000-000000000008', 'dog', 'Golden Retriever', 'Printemps 2026', '50000000-0000-4000-8000-000000000001', 'c0000000-0000-4000-8000-000000000001', 'male_only', 1, 'Famille retenue pour Collier bleu, bon accord tempérament/enfants.', 'Animal attribué après échange caractère.', 'house', true, true, 2, 'Trois enfants habitués aux chiens.', 'Un chien senior calme.', 'Bonne expérience familiale.', 'Présence alternée.', 'Promenades et activités éducatives.', 'qualified', 4, 4, '2026-06-09 10:00:00+00', '2026-06-10 08:00:00+00', '10000000-0000-4000-8000-000000000001', '10000000-0000-4000-8000-000000000001', '10000000-0000-4000-8000-000000000001'),
('80000000-0000-4000-8000-000000000007', '20000000-0000-4000-8000-000000000001', '70000000-0000-4000-8000-000000000009', 'dog', 'Golden Retriever', 'Printemps 2026', '50000000-0000-4000-8000-000000000001', 'c0000000-0000-4000-8000-000000000001', 'male_preferred_female_possible', 1, 'Adoption finalisée pour Collier vert, famille disponible et expérimentée.', 'Dossier complet, adoption finalisée.', 'house', true, true, 2, 'Aucun enfant au foyer.', 'Aucun autre animal.', 'Très bonne expérience.', 'Présence élevée.', 'Balades nature et suivi post-adoption accepté.', 'qualified', 5, 5, '2026-06-10 10:00:00+00', '2026-06-11 09:00:00+00', '10000000-0000-4000-8000-000000000001', '10000000-0000-4000-8000-000000000001', '10000000-0000-4000-8000-000000000001');

insert into public.reservations (
  id,
  organization_id,
  contact_id,
  application_id,
  litter_group_id,
  litter_id,
  animal_id,
  species,
  breed,
  reserved_sex_preference,
  rank_initial,
  rank_active,
  rank_assigned_at,
  status,
  pre_reservation_deadline,
  reservation_confirmed_at,
  animal_assigned_at,
  adoption_planned_at,
  adoption_completed_at,
  price_cents,
  currency,
  internal_comment,
  created_by,
  updated_by
)
values
('90000000-0000-4000-8000-000000000002', '20000000-0000-4000-8000-000000000001', '70000000-0000-4000-8000-000000000004', '80000000-0000-4000-8000-000000000004', '50000000-0000-4000-8000-000000000001', 'c0000000-0000-4000-8000-000000000002', null, 'dog', 'Golden Retriever', 'male_preferred_female_possible', 2, 2, '2026-06-06 10:00:00+00', 'pre_reservation_requested', '2026-06-21 12:00:00+00', null, null, null, null, 180000, 'EUR', 'Demande 1/2 envoyée après appel, attente virement.', '10000000-0000-4000-8000-000000000001', '10000000-0000-4000-8000-000000000001'),
('90000000-0000-4000-8000-000000000005', '20000000-0000-4000-8000-000000000001', '70000000-0000-4000-8000-000000000006', null, '50000000-0000-4000-8000-000000000001', 'c0000000-0000-4000-8000-000000000001', null, 'dog', 'Golden Retriever', 'no_preference', 3, 3, '2026-06-08 13:00:00+00', 'pre_reservation_paid', '2026-06-23 12:00:00+00', null, null, null, null, 180000, 'EUR', 'Pré-réservation 1/2 payée, complément à demander après validation finale.', '10000000-0000-4000-8000-000000000001', '10000000-0000-4000-8000-000000000001'),
('90000000-0000-4000-8000-000000000003', '20000000-0000-4000-8000-000000000001', '70000000-0000-4000-8000-000000000008', '80000000-0000-4000-8000-000000000006', '50000000-0000-4000-8000-000000000001', 'c0000000-0000-4000-8000-000000000001', 'd0000000-0000-4000-8000-000000000010', 'dog', 'Golden Retriever', 'male_only', 3, 3, '2026-06-10 10:00:00+00', 'animal_assigned', null, '2026-06-12 15:00:00+00', '2026-06-15 09:00:00+00', '2026-06-20 09:00:00+00', null, 180000, 'EUR', 'Collier bleu attribué, dossier actif.', '10000000-0000-4000-8000-000000000001', '10000000-0000-4000-8000-000000000001'),
('90000000-0000-4000-8000-000000000004', '20000000-0000-4000-8000-000000000001', '70000000-0000-4000-8000-000000000009', '80000000-0000-4000-8000-000000000007', '50000000-0000-4000-8000-000000000001', 'c0000000-0000-4000-8000-000000000001', 'd0000000-0000-4000-8000-000000000008', 'dog', 'Golden Retriever', 'male_preferred_female_possible', 4, 4, '2026-06-11 09:00:00+00', 'adopted', null, '2026-06-12 10:00:00+00', '2026-06-16 09:30:00+00', '2026-06-22 14:00:00+00', '2026-06-22 14:30:00+00', 180000, 'EUR', 'Adoption finalisée, suivi post-adoption planifié.', '10000000-0000-4000-8000-000000000001', '10000000-0000-4000-8000-000000000001');

insert into public.payments (
  id,
  organization_id,
  contact_id,
  reservation_id,
  amount_cents,
  currency,
  payment_type,
  status,
  requested_at,
  due_date,
  paid_at,
  payment_method,
  external_reference,
  notes,
  created_by,
  updated_by
)
values
('a0000000-0000-4000-8000-000000000001', '20000000-0000-4000-8000-000000000001', '70000000-0000-4000-8000-000000000004', '90000000-0000-4000-8000-000000000002', 25000, 'EUR', 'pre_reservation_deposit_refundable', 'requested', '2026-06-06 10:30:00+00', '2026-06-21', null, 'unknown', 'DEMO-PR1-NICOLAS', 'Demande 1/2 — 250 € envoyée.', '10000000-0000-4000-8000-000000000001', '10000000-0000-4000-8000-000000000001'),
('a0000000-0000-4000-8000-000000000002', '20000000-0000-4000-8000-000000000001', '70000000-0000-4000-8000-000000000006', '90000000-0000-4000-8000-000000000005', 25000, 'EUR', 'pre_reservation_deposit_refundable', 'paid', '2026-06-08 13:30:00+00', '2026-06-23', '2026-06-09 08:30:00+00', 'bank_transfer', 'DEMO-PR1-THOMAS', 'Demande 1/2 — 250 € réglée.', '10000000-0000-4000-8000-000000000001', '10000000-0000-4000-8000-000000000001'),
('a0000000-0000-4000-8000-000000000004', '20000000-0000-4000-8000-000000000001', '70000000-0000-4000-8000-000000000008', '90000000-0000-4000-8000-000000000003', 50000, 'EUR', 'arrhes', 'paid', '2026-06-12 09:00:00+00', '2026-06-20', '2026-06-13 08:45:00+00', 'bank_transfer', 'DEMO-ARRHES-JULIEN', 'Arrhes complètes — 500 € réglées.', '10000000-0000-4000-8000-000000000001', '10000000-0000-4000-8000-000000000001'),
('a0000000-0000-4000-8000-000000000005', '20000000-0000-4000-8000-000000000001', '70000000-0000-4000-8000-000000000009', '90000000-0000-4000-8000-000000000004', 50000, 'EUR', 'arrhes', 'paid', '2026-06-12 10:00:00+00', '2026-06-20', '2026-06-12 16:20:00+00', 'bank_transfer', 'DEMO-ARRHES-ANNE', 'Arrhes complètes — 500 € réglées.', '10000000-0000-4000-8000-000000000001', '10000000-0000-4000-8000-000000000001'),
('a0000000-0000-4000-8000-000000000006', '20000000-0000-4000-8000-000000000001', '70000000-0000-4000-8000-000000000009', '90000000-0000-4000-8000-000000000004', 130000, 'EUR', 'balance', 'paid', '2026-06-18 09:00:00+00', '2026-06-22', '2026-06-21 10:15:00+00', 'bank_transfer', 'DEMO-SOLDE-ANNE', 'Solde réglé avant adoption.', '10000000-0000-4000-8000-000000000001', '10000000-0000-4000-8000-000000000001');

insert into public.documents (
  id,
  organization_id,
  contact_id,
  application_id,
  reservation_id,
  litter_id,
  animal_id,
  payment_id,
  document_type,
  status,
  title,
  file_name,
  mime_type,
  sent_at,
  signed_at,
  received_at,
  signature_required,
  notes,
  created_by,
  updated_by
)
values
('b0000000-0000-4000-8000-000000000002', '20000000-0000-4000-8000-000000000001', '70000000-0000-4000-8000-000000000008', '80000000-0000-4000-8000-000000000006', '90000000-0000-4000-8000-000000000003', null, 'd0000000-0000-4000-8000-000000000010', null, 'reservation_contract', 'sent', 'Contrat de réservation — Julien Lefèvre', 'contrat-reservation-julien-lefevre.pdf', 'application/pdf', '2026-06-15 14:00:00+00', null, null, true, 'Contrat envoyé, signature attendue.', '10000000-0000-4000-8000-000000000001', '10000000-0000-4000-8000-000000000001'),
('b0000000-0000-4000-8000-000000000003', '20000000-0000-4000-8000-000000000001', '70000000-0000-4000-8000-000000000009', null, '90000000-0000-4000-8000-000000000004', null, 'd0000000-0000-4000-8000-000000000008', null, 'sale_certificate', 'signed', 'Attestation de vente — Collier vert', 'attestation-vente-collier-vert.pdf', 'application/pdf', '2026-06-22 09:00:00+00', '2026-06-22 14:20:00+00', '2026-06-22 14:25:00+00', true, 'Document signé reçu pour adoption finalisée.', '10000000-0000-4000-8000-000000000001', '10000000-0000-4000-8000-000000000001');

insert into public.events (
  id,
  organization_id,
  contact_id,
  application_id,
  reservation_id,
  litter_id,
  animal_id,
  payment_id,
  document_id,
  event_type,
  title,
  description,
  planned_at,
  planned_date,
  actual_at,
  status,
  priority,
  is_task,
  created_by,
  updated_by
)
values
('e0000000-0000-4000-8000-000000000001', '20000000-0000-4000-8000-000000000001', null, null, null, 'c0000000-0000-4000-8000-000000000001', null, null, null, 'ultrasound', 'Échographie Rosie — gestation confirmée', 'Contrôle vétérinaire positif, environ quatre chiots visibles.', null, null, '2026-03-14 09:30:00+00', 'done', 'normal', false, '10000000-0000-4000-8000-000000000001', '10000000-0000-4000-8000-000000000001'),
('e0000000-0000-4000-8000-000000000005', '20000000-0000-4000-8000-000000000001', '70000000-0000-4000-8000-000000000009', null, '90000000-0000-4000-8000-000000000004', null, 'd0000000-0000-4000-8000-000000000008', null, null, 'post_adoption_follow_up', 'Suivi post-adoption — Anne Girard', 'Premier point téléphonique prévu après installation de Collier vert.', '2026-08-21 10:00:00+00', null, null, 'planned', 'normal', true, '10000000-0000-4000-8000-000000000001', '10000000-0000-4000-8000-000000000001');

insert into public.notes (
  id,
  organization_id,
  contact_id,
  application_id,
  reservation_id,
  litter_id,
  animal_id,
  payment_id,
  document_id,
  note_type,
  title,
  body,
  is_pinned,
  visibility,
  created_by,
  updated_by
)
values
('f0000000-0000-4000-8000-000000000001', '20000000-0000-4000-8000-000000000001', '70000000-0000-4000-8000-000000000001', '80000000-0000-4000-8000-000000000001', null, null, null, null, null, 'internal', 'Préférence de sexe', 'Jérôme Martin souhaite un mâle calme, mais accepte d’attendre si le tempérament ne correspond pas.', true, 'internal', '10000000-0000-4000-8000-000000000001', '10000000-0000-4000-8000-000000000001'),
('f0000000-0000-4000-8000-000000000002', '20000000-0000-4000-8000-000000000001', '70000000-0000-4000-8000-000000000004', '80000000-0000-4000-8000-000000000004', null, null, null, null, null, 'call_summary', 'Appel à planifier', 'Clarifier les absences hebdomadaires et l’organisation pendant les vacances scolaires.', false, 'internal', '10000000-0000-4000-8000-000000000001', '10000000-0000-4000-8000-000000000001'),
('f0000000-0000-4000-8000-000000000004', '20000000-0000-4000-8000-000000000001', null, null, '90000000-0000-4000-8000-000000000003', null, 'd0000000-0000-4000-8000-000000000010', null, null, 'internal', 'Préférence de caractère', 'Collier bleu correspond bien à une famille avec enfants : posé, bon contact, peu impressionnable.', true, 'internal', '10000000-0000-4000-8000-000000000001', '10000000-0000-4000-8000-000000000001'),
('f0000000-0000-4000-8000-000000000005', '20000000-0000-4000-8000-000000000001', null, null, null, 'c0000000-0000-4000-8000-000000000001', 'd0000000-0000-4000-8000-000000000012', null, null, 'decision', 'Décision élevage', 'Collier jaune reste en observation à l’élevage jusqu’au prochain bilan morphologie/caractère.', false, 'admin_only', '10000000-0000-4000-8000-000000000001', '10000000-0000-4000-8000-000000000001');
